seqid	position	A	C	G	T	N
K03455.1	738	11	2	2051	13	0
K03455.1	739	1652	7	406	8	4
K03455.1	740	144	1900	20	11	2
K03455.1	741	25	204	12	1832	4
K03455.1	742	24	17	2010	25	1
K03455.1	743	17	9	2031	20	0
K03455.1	744	9	9	65	1994	0
K03455.1	745	9	0	2013	55	0
K03455.1	746	2006	4	52	15	0
K03455.1	747	50	10	2006	11	0
K03455.1	748	17	2	62	1996	0
K03455.1	749	2004	13	16	43	1
K03455.1	4957	0	0	2076	0	1
K03455.1	4958	2076	0	1	0	0
K03455.1	4959	2074	0	3	0	0
K03455.1	4960	2070	0	6	0	1
K03455.1	4961	2	0	2075	0	0
K03455.1	4962	2	0	2072	3	0
K03455.1	4963	11	3	5	2056	2
K03455.1	4964	5	0	2070	1	1
K03455.1	4965	2073	0	4	0	0
K03455.1	4966	2062	0	14	0	1
K03455.1	4967	2	0	2073	1	1
K03455.1	4968	1	0	2075	0	1
K03455.1	5458	1880	46	104	40	7
K03455.1	5459	36	1296	30	710	5
K03455.1	5460	1983	77	13	1	3
K03455.1	5461	1979	6	84	6	2
K03455.1	5462	29	8	1938	102	0
K03455.1	5463	108	9	1901	59	0
K03455.1	5464	165	1	14	1897	0
K03455.1	5465	1893	2	171	11	0
K03455.1	5466	24	2	2041	6	4
K03455.1	5467	68	7	1891	110	1
K03455.1	5468	1862	28	124	62	1
K03455.1	5469	18	84	111	1864	0
K03455.1	6040	1786	11	276	0	4
K03455.1	6041	2074	1	1	0	1
K03455.1	6042	19	10	2045	3	0
K03455.1	6043	0	2076	0	0	1
K03455.1	6044	2074	0	2	0	1
K03455.1	6045	1	0	2076	0	0
K03455.1	6046	0	2	1	2074	0
K03455.1	6047	1857	0	217	0	3
K03455.1	6048	2067	1	0	9	0
K03455.1	6049	2	0	2075	0	0
K03455.1	6050	0	2	2	2072	1
K03455.1	6051	2054	3	15	2	3
